{"loss": [0.6985008120536804, 0.541124165058136, 0.32968658208847046, 0.237766832113266, 0.19499053061008453, 0.1636342853307724, 0.13354885578155518, 0.10130148380994797, 0.06551020592451096, 0.051392704248428345, 0.030731135979294777, 0.027426932007074356, 0.031012842431664467, 0.028363889083266258, 0.022263702005147934, 0.034368813037872314, 0.019424324855208397, 0.012674055062234402, 0.013045492582023144, 0.010893561877310276, 0.04958440363407135, 0.0196856502443552, 0.009595589712262154, 0.008046184666454792, 0.006764058489352465, 0.006102423183619976, 0.006201018579304218, 0.006643830798566341, 0.0366162434220314, 0.009415394626557827, 0.006989746354520321, 0.0054185036569833755, 0.005695550236850977, 0.0043737273663282394, 0.004076582845300436, 0.003934503998607397, 0.003365943441167474, 0.0048527163453400135, 0.0030353635083884, 0.0029061222448945045, 0.0028110085986554623, 0.002833435544744134, 0.0022633823100477457, 0.0024114700499922037, 0.0019212098559364676, 0.0019177257781848311, 0.0022565373219549656, 0.002320075873285532, 0.005229639820754528, 0.003639252856373787], "tp": [4067.3896484375, 6255.93701171875, 6823.72119140625, 7009.53857421875, 7112.7734375, 7154.06689453125, 7205.6826171875, 7308.916015625, 7370.85693359375, 7370.859375, 7443.12109375, 7432.79833984375, 7453.44482421875, 7432.79931640625, 7443.119140625, 7432.7978515625, 7453.44775390625, 7443.12060546875, 7443.12548828125, 7443.119140625, 7453.443359375, 7443.119140625, 7443.1240234375, 7453.44482421875, 7463.7685546875, 7463.76806640625, 7453.4443359375, 7463.7666015625, 7432.79931640625, 7463.77001953125, 7463.76708984375, 7463.76708984375, 7463.7685546875, 7463.76953125, 7463.76953125, 7453.44384765625, 7463.77001953125, 7453.44482421875, 7463.7666015625, 7463.76806640625, 7463.7685546875, 7463.77099609375, 7463.76953125, 7463.77099609375, 7463.76708984375, 7463.7666015625, 7463.7666015625, 7463.76904296875, 7453.44775390625, 7453.44384765625], "fp": [2467.510498046875, 1779.6961669921875, 726.6982421875, 435.59832763671875, 327.8808898925781, 214.90904235839844, 150.27859497070312, 149.75320434570312, 103.51354217529297, 97.73361206054688, 44.66318893432617, 40.98505401611328, 52.544925689697266, 42.5613899230957, 22.06888771057129, 56.223060607910156, 19.96708869934082, 12.610793113708496, 21.017988204956055, 9.458094596862793, 199.67092895507812, 33.103328704833984, 11.034443855285645, 9.98354434967041, 12.085343360900879, 8.407195091247559, 8.407195091247559, 13.136242866516113, 134.51513671875, 16.814390182495117, 14.712592124938965, 9.458094596862793, 5.779946804046631, 5.779946804046631, 7.881745338439941, 5.779946804046631, 7.881745338439941, 14.712592124938965, 7.881745338439941, 7.8817458152771, 8.932644844055176, 5.779946804046631, 4.7290472984313965, 5.779946804046631, 3.678147792816162, 2.6272482872009277, 3.678147792816162, 6.830846309661865, 14.712591171264648, 4.203597545623779], "tn": [4762.15087890625, 5449.9638671875, 6502.96875, 6794.06689453125, 6901.78076171875, 7014.74951171875, 7079.376953125, 7079.900390625, 7126.140625, 7131.92236328125, 7184.98974609375, 7188.66552734375, 7177.10791015625, 7187.0908203125, 7207.58349609375, 7173.4296875, 7209.68408203125, 7217.0419921875, 7208.6328125, 7220.1904296875, 7029.98583984375, 7196.5498046875, 7218.61767578125, 7219.66796875, 7217.5673828125, 7221.2451171875, 7221.24755859375, 7216.5185546875, 7095.13818359375, 7212.84033203125, 7214.9423828125, 7220.193359375, 7223.87158203125, 7223.87451171875, 7221.77294921875, 7223.87158203125, 7221.77099609375, 7214.94091796875, 7221.76953125, 7221.76904296875, 7220.72021484375, 7223.8740234375, 7224.9208984375, 7223.87255859375, 7225.9755859375, 7227.02392578125, 7225.9755859375, 7222.82080078125, 7214.94091796875, 7225.4482421875], "fn": [3396.37158203125, 1207.8291015625, 640.046142578125, 454.2265930175781, 350.99322509765625, 309.6999206542969, 258.083251953125, 154.84991455078125, 92.9099349975586, 92.9099349975586, 20.646652221679688, 30.96997833251953, 10.323326110839844, 30.96997833251953, 20.646652221679688, 30.96997833251953, 10.323326110839844, 20.646652221679688, 20.646652221679688, 20.646652221679688, 10.323326110839844, 20.646652221679688, 20.646652221679688, 10.323326110839844, 0.0, 0.0, 10.323326110839844, 0.0, 30.96997833251953, 0.0, 0.0, 0.0, 0.0, 0.0, 0.0, 10.323326110839844, 0.0, 10.323326110839844, 0.0, 0.0, 0.0, 0.0, 0.0, 0.0, 0.0, 0.0, 0.0, 0.0, 10.323326110839844, 10.323326110839844], "accuracy": [0.6009172797203064, 0.7966745495796204, 0.9069826602935791, 0.9394413828849792, 0.9537980556488037, 0.9642969965934753, 0.9722084999084473, 0.9792698621749878, 0.9866323471069336, 0.9870257377624512, 0.9955554604530334, 0.9951031804084778, 0.9957216382026672, 0.9949957132339478, 0.9970930814743042, 0.9940661191940308, 0.9979385733604431, 0.9977365732192993, 0.9971644878387451, 0.9979511499404907, 0.9857085943222046, 0.996342122554779, 0.997843861579895, 0.9986180067062378, 0.9991775155067444, 0.9994279146194458, 0.9987252950668335, 0.9991060495376587, 0.9887375235557556, 0.998855710029602, 0.9989988207817078, 0.9993563890457153, 0.9996066689491272, 0.9996066689491272, 0.9994635581970215, 0.9989041090011597, 0.9994635581970215, 0.9982962608337402, 0.9994636178016663, 0.9994636178016663, 0.9993920922279358, 0.9996066093444824, 0.9996781945228577, 0.9996066689491272, 0.9997497200965881, 0.9998211860656738, 0.9997497200965881, 0.9995351433753967, 0.9982962608337402, 0.9990113973617554], "precision": [0.6224103569984436, 0.7785244584083557, 0.903753936290741, 0.9414922595024109, 0.9559338688850403, 0.9708359241485596, 0.9795704483985901, 0.9799222350120544, 0.986150860786438, 0.9869140982627869, 0.9940351843833923, 0.9945161938667297, 0.9929996132850647, 0.9943064451217651, 0.997043788433075, 0.9924926161766052, 0.9973282217979431, 0.9983085989952087, 0.997184157371521, 0.9987308979034424, 0.973909854888916, 0.9955721497535706, 0.9985196590423584, 0.9986623525619507, 0.9983834028244019, 0.998874843120575, 0.9988732933998108, 0.9982430934906006, 0.98222416639328, 0.9977522492408752, 0.9980326890945435, 0.9987344145774841, 0.9992262125015259, 0.9992262125015259, 0.9989451169967651, 0.9992251396179199, 0.9989451169967651, 0.9980300068855286, 0.9989451169967651, 0.9989451169967651, 0.9988046288490295, 0.9992262125015259, 0.999366819858551, 0.9992262125015259, 0.9995074272155762, 0.9996480941772461, 0.9995074272155762, 0.9990856051445007, 0.9980300068855286, 0.9994363188743591], "recall": [0.5449517369270325, 0.8381742835044861, 0.9142462015151978, 0.9391424655914307, 0.9529737234115601, 0.9585062265396118, 0.9654218554496765, 0.9792531132698059, 0.9875518679618835, 0.9875518679618835, 0.9972337484359741, 0.9958505630493164, 0.9986168742179871, 0.9958506226539612, 0.9972337484359741, 0.9958505630493164, 0.9986168742179871, 0.9972337484359741, 0.9972337484359741, 0.9972337484359741, 0.9986168742179871, 0.9972337484359741, 0.9972337484359741, 0.9986168742179871, 1.0, 1.0, 0.9986168742179871, 1.0, 0.9958506226539612, 1.0, 1.0, 1.0, 1.0, 1.0, 1.0, 0.9986168742179871, 1.0, 0.9986168742179871, 1.0, 1.0, 1.0, 1.0, 1.0, 1.0, 1.0, 1.0, 1.0, 1.0, 0.9986168742179871, 0.9986168742179871],